{
  "DOGE": {
    "conservative": {
      "initial_capital": 10000,
      "final_capital": 16727.491065436658,
      "total_return_pct": 67.27491065436658,
      "n_trades": 1037,
      "n_wins": 535,
      "n_losses": 502,
      "win_rate": 0.5159112825458052,
      "avg_win": 89.0306100592131,
      "avg_loss": 81.48184325944693,
      "profit_factor": 1.1644707101397347,
      "sharpe_ratio": 2.5317783956804827,
      "sortino_ratio": 1.7917069669032584,
      "max_drawdown_pct": -14.083784259588883
    },
    "moderate": {
      "initial_capital": 10000,
      "final_capital": 21488.62461195776,
      "total_return_pct": 114.88624611957758,
      "n_trades": 2041,
      "n_wins": 1016,
      "n_losses": 1025,
      "win_rate": 0.4977951984321411,
      "avg_win": 147.74816983068422,
      "avg_loss": 135.24245457172455,
      "profit_factor": 1.0828764480137707,
      "sharpe_ratio": 2.1848362211235735,
      "sortino_ratio": 2.193005341972236,
      "max_drawdown_pct": -33.48291138809273
    },
    "aggressive": {
      "initial_capital": 10000,
      "final_capital": 14295.283491609633,
      "total_return_pct": 42.95283491609633,
      "n_trades": 3281,
      "n_wins": 1613,
      "n_losses": 1668,
      "win_rate": 0.4916184090216397,
      "avg_win": 164.57821895429885,
      "avg_loss": 156.576369113714,
      "profit_factor": 1.0164463515250486,
      "sharpe_ratio": 1.0324876084374004,
      "sortino_ratio": 1.2766096041396413,
      "max_drawdown_pct": -54.032878536819915
    }
  },
  "TSLA": {
    "conservative": {
      "initial_capital": 10000,
      "final_capital": 14805.7098019492,
      "total_return_pct": 48.057098019492,
      "n_trades": 686,
      "n_wins": 357,
      "n_losses": 329,
      "win_rate": 0.5204081632653061,
      "avg_win": 73.5822751871955,
      "avg_loss": 65.23757580510515,
      "profit_factor": 1.2239050193749623,
      "sharpe_ratio": 2.373330413109043,
      "sortino_ratio": 1.318298153760862,
      "max_drawdown_pct": -12.066156012128916
    },
    "moderate": {
      "initial_capital": 10000,
      "final_capital": 24020.574222451025,
      "total_return_pct": 140.20574222451026,
      "n_trades": 1480,
      "n_wins": 737,
      "n_losses": 743,
      "win_rate": 0.497972972972973,
      "avg_win": 125.8447908050798,
      "avg_loss": 105.95832651533364,
      "profit_factor": 1.1780909688437569,
      "sharpe_ratio": 3.0673594642164512,
      "sortino_ratio": 2.4854580576112633,
      "max_drawdown_pct": -19.376785305521004
    },
    "aggressive": {
      "initial_capital": 10000,
      "final_capital": 20667.800081526075,
      "total_return_pct": 106.67800081526076,
      "n_trades": 2473,
      "n_wins": 1183,
      "n_losses": 1290,
      "win_rate": 0.47836635665183985,
      "avg_win": 150.95631660639665,
      "avg_loss": 130.16552128979953,
      "profit_factor": 1.0635315126798264,
      "sharpe_ratio": 1.909942825811703,
      "sortino_ratio": 1.9154366121183806,
      "max_drawdown_pct": -34.44619498146318
    }
  }
}