{
  "DOGE": {
    "conservative": {
      "initial_capital": 10000,
      "final_capital": 9338.715128665986,
      "total_return_pct": -6.612848713340136,
      "n_trades": 1292,
      "n_wins": 569,
      "n_losses": 723,
      "win_rate": 0.44040247678018574,
      "profit_factor": 0.8277969623676198,
      "sharpe_ratio": 0.85,
      "max_drawdown_pct": -7.018537639728439,
      "avg_win": 5.586751330729774,
      "avg_loss": 5.311405779418034,
      "total_costs_paid": 19380.0,
      "avg_slippage_pct": 0.1,
      "avg_trade_duration_hours": 3.209752321981424,
      "max_consecutive_losses": 4
    },
    "moderate": {
      "initial_capital": 10000,
      "final_capital": 8200.109327171425,
      "total_return_pct": -17.998906728285746,
      "n_trades": 2419,
      "n_wins": 953,
      "n_losses": 1466,
      "win_rate": 0.39396444811905745,
      "profit_factor": 0.7409967734811027,
      "sharpe_ratio": 0.85,
      "max_drawdown_pct": -18.226350809853688,
      "avg_win": 5.403365784633897,
      "avg_loss": 4.74031259589681,
      "total_costs_paid": 36285.0,
      "avg_slippage_pct": 0.1,
      "avg_trade_duration_hours": 1.7143447705663497,
      "max_consecutive_losses": 4
    },
    "aggressive": {
      "initial_capital": 10000,
      "final_capital": 7148.049823211636,
      "total_return_pct": -28.519501767883636,
      "n_trades": 3411,
      "n_wins": 1259,
      "n_losses": 2152,
      "win_rate": 0.36909997068308414,
      "profit_factor": 0.7020023769246531,
      "sharpe_ratio": 0.85,
      "max_drawdown_pct": -28.707569001794113,
      "avg_win": 5.336321497766672,
      "avg_loss": 4.447202110816278,
      "total_costs_paid": 51165.0,
      "avg_slippage_pct": 0.1,
      "avg_trade_duration_hours": 1.215772500732923,
      "max_consecutive_losses": 4
    }
  },
  "TSLA": {
    "conservative": {
      "initial_capital": 10000,
      "final_capital": 9770.24260377098,
      "total_return_pct": -2.2975739622902074,
      "n_trades": 812,
      "n_wins": 341,
      "n_losses": 471,
      "win_rate": 0.41995073891625617,
      "profit_factor": 0.8946184915091702,
      "sharpe_ratio": 0.85,
      "max_drawdown_pct": -2.6344351719279238,
      "avg_win": 5.719901914434934,
      "avg_loss": 4.6289680446950054,
      "total_costs_paid": 12180.0,
      "avg_slippage_pct": 0.1,
      "avg_trade_duration_hours": 5.107142857142857,
      "max_consecutive_losses": 4
    },
    "moderate": {
      "initial_capital": 10000,
      "final_capital": 8848.852104307041,
      "total_return_pct": -11.511478956929587,
      "n_trades": 1768,
      "n_wins": 616,
      "n_losses": 1152,
      "win_rate": 0.34841628959276016,
      "profit_factor": 0.7345492447078746,
      "sharpe_ratio": 0.85,
      "max_drawdown_pct": -11.821967987938157,
      "avg_win": 5.1711527068593925,
      "avg_loss": 3.764390592984665,
      "total_costs_paid": 26520.0,
      "avg_slippage_pct": 0.1,
      "avg_trade_duration_hours": 2.3455882352941178,
      "max_consecutive_losses": 4
    },
    "aggressive": {
      "initial_capital": 10000,
      "final_capital": 7934.084468297304,
      "total_return_pct": -20.65915531702696,
      "n_trades": 2875,
      "n_wins": 849,
      "n_losses": 2026,
      "win_rate": 0.29530434782608694,
      "profit_factor": 0.669063971278081,
      "sharpe_ratio": 0.85,
      "max_drawdown_pct": -20.83775058470869,
      "avg_win": 4.919584941124121,
      "avg_loss": 3.0812651267112585,
      "total_costs_paid": 43125.0,
      "avg_slippage_pct": 0.1,
      "avg_trade_duration_hours": 1.4424347826086956,
      "max_consecutive_losses": 4
    }
  }
}